Source,Target,Weight
JP,US,50
JP,FR,31
JP,AU,12
JP,FI,7
JP,DE,19
JP,SG,12
JP,CA,15
JP,HU,8
JP,ES,14
JP,BR,15
JP,UA,6
JP,CZ,9
JP,GB,18
JP,HK,14
JP,BE,5
JP,ZA,5
JP,KR,15
JP,IT,10
JP,IL,6
JP,EG,2
JP,IE,7
JP,CN,3
JP,PR,21
JP,AT,7
JP,PE,4
JP,AR,4
JP,BO,3
JP,CL,4
JP,EC,3
JP,PY,3
JP,CO,3
JP,MX,10
JP,VE,3
JP,UY,3
JP,SE,9
JP,CU,3
JP,SV,3
JP,DO,3
JP,GT,3
JP,HT,3
JP,HN,3
JP,PA,2
JP,NL,9
JP,ID,15
JP,IS,4
JP,NZ,7
JP,TW,10
JP,TH,12
JP,PL,13
JP,VN,8
JP,TR,6
JP,LT,6
JP,SK,4
JP,CH,12
JP,PT,8
JP,DK,7
JP,IN,9
JP,PH,8
JP,RO,5
JP,NO,9
JP,GR,7
JP,RS,2
JP,ME,2
JP,KZ,3
JP,XK,1
JP,BA,2
JP,BG,4
JP,BH,2
JP,KW,2
JP,OM,2
JP,QA,2
JP,SA,3
JP,AE,3
JP,LV,2
JP,EE,6
JP,MN,2
JP,BW,2
JP,GH,2
JP,KE,3
JP,LS,2
JP,NA,2
JP,SZ,2
JP,TZ,2
JP,UG,2
JP,ZM,2
JP,ZW,2
JP,NI,3
JP,MY,4
JP,HR,3
JP,AD,2
JP,GE,2
US,JP,174
US,FR,333
US,AU,250
US,FI,137
US,DE,376
US,SG,192
US,CA,276
US,HU,156
US,ES,230
US,BR,227
US,UA,134
US,CZ,154
US,GB,415
US,HK,128
US,BE,118
US,ZA,67
US,KR,200
US,IT,199
US,IL,161
US,EG,37
US,IE,196
US,CN,40
US,PR,437
US,AT,120
US,PE,81
US,AR,110
US,BO,66
US,CL,75
US,EC,84
US,PY,68
US,CO,75
US,MX,204
US,VE,75
US,UY,65
US,SE,187
US,CU,26
US,SV,55
US,DO,71
US,GT,60
US,HT,36
US,HN,54
US,PA,59
US,NL,219
US,ID,94
US,IS,76
US,NZ,138
US,TW,158
US,TH,114
US,PL,198
US,VN,92
US,TR,133
US,LT,128
US,SK,106
US,CH,151
US,PT,150
US,DK,132
US,IN,77
US,PH,82
US,RO,151
US,NO,147
US,GR,163
US,RS,51
US,ME,46
US,KZ,87
US,XK,8
US,BA,50
US,BG,76
US,BH,37
US,KW,49
US,OM,34
US,QA,33
US,SA,50
US,AE,72
US,LV,62
US,EE,127
US,MN,38
US,BW,26
US,GH,32
US,KE,23
US,LS,18
US,NA,27
US,SZ,26
US,TZ,22
US,UG,29
US,ZM,20
US,ZW,28
US,NI,51
US,MY,46
US,HR,70
US,AD,62
US,GE,29
ES,BR,16
ES,DE,27
ES,PL,18
ES,GB,29
ES,FR,38
ES,SG,15
ES,TR,6
ES,CA,12
ES,US,38
ES,MX,12
ES,RO,14
ES,IL,9
ES,IT,12
ES,JP,10
ES,NL,11
ES,SE,7
ES,AU,10
US,VI,65
US,MO,50
US,LU,54
US,JO,31
US,BY,27
US,ML,19
US,TN,22
US,TG,18
US,SN,18
US,RW,19
US,PK,25
US,PG,24
US,NP,21
US,NG,26
US,NE,25
US,MU,34
US,MZ,27
US,MG,23
US,MT,52
US,MA,22
US,JM,30
US,GN,18
US,GA,18
US,DZ,21
US,CM,22
US,CI,19
US,CG,18
US,CD,19
US,BJ,18
US,BF,18
US,BD,23
US,UZ,22
US,TT,49
US,TJ,28
US,SI,68
US,MK,48
US,MD,33
US,LK,29
US,KH,31
US,KG,25
US,FJ,30
US,CR,45
US,CY,39
US,BS,36
US,AZ,51
US,AO,22
US,AM,30
US,AL,48
US,LA,29
GB,AU,65
GB,US,200
GB,ES,59
GB,FR,78
GB,BR,46
GB,DE,80
GB,CA,66
GB,PT,23
GB,TR,25
GB,IT,44
GB,SG,41
GB,HU,25
GB,TH,26
GB,UA,34
GB,FI,22
GB,TW,34
GB,DK,27
GB,AR,17
GB,BO,10
GB,CO,11
GB,CL,15
GB,EC,15
GB,MX,35
GB,PY,12
GB,PE,12
GB,UY,10
GB,VE,11
GB,CU,6
GB,SV,10
GB,HN,9
GB,GT,11
GB,NI,9
GB,PR,72
GB,DO,15
GB,HT,6
GB,TT,9
GB,KR,36
GB,HK,25
GB,CZ,26
GB,NO,27
GB,NL,49
GB,MY,12
GB,IN,20
GB,IL,35
GB,EE,30
GB,PL,40
GB,KZ,17
GB,BE,20
GB,ID,24
GB,IS,14
GB,GR,41
GB,KW,11
GB,SK,14
GB,BG,13
GB,LT,29
GB,SE,35
GB,RO,21
GB,IE,46
GB,NZ,29
GB,CH,42
GB,AE,16
GB,VN,18
GB,EG,9
GB,PH,21
GB,CN,5
GB,AT,19
GB,AL,9
GB,AZ,12
GB,GE,6
GB,HR,11
GB,KG,6
GB,MD,9
GB,ME,8
GB,UZ,6
GB,XK,2
GB,CM,6
GB,DZ,6
GB,ZA,16
GB,MT,10
GB,BA,8
GB,AM,8
GB,TJ,8
GB,GU,8
GB,MP,8
GB,AS,8
GB,MO,10
GB,PA,9
US,GU,48
US,MP,47
US,AS,47
GB,JP,26
GB,AD,10
GB,BH,9
GB,SA,12
GB,LV,12
GB,MM,6
US,MM,20
CA,US,75
CA,SG,11
CA,FR,34
CA,PL,15
CA,GB,40
CA,PR,27
CA,TR,8
CA,BR,18
CA,ES,19
CA,GR,12
CA,DE,33
CA,AU,20
CA,BG,4
CA,HR,2
CA,CZ,12
CA,DK,7
CA,FI,8
CA,HK,9
CA,HU,9
CA,IN,4
CA,ID,5
CA,IL,12
CA,IT,12
CA,JP,9
CA,MY,4
CA,MX,17
CA,NL,11
CA,NO,9
CA,PH,7
CA,PT,8
CA,RO,8
CA,KR,17
CA,SE,9
CA,TW,10
CA,TH,10
CA,UA,10
CA,AE,4
CA,VN,6
DE,US,75
DE,TR,11
DE,IT,14
DE,FR,41
DE,ES,18
DE,FI,6
DE,GB,33
DE,SG,16
DE,CZ,14
DE,HU,6
DE,HK,11
DE,TH,9
DE,AU,21
DE,ZA,2
DE,TW,12
DE,CH,24
DE,NO,5
DE,SE,9
DE,BE,9
DE,AR,8
DE,DK,9
DE,IE,7
DE,BR,19
DE,BH,2
DE,KW,3
DE,QA,1
DE,SA,4
DE,AE,4
DE,NL,18
DE,PR,22
DE,BO,2
DE,VE,3
DE,CL,6
DE,MX,12
DE,CO,4
DE,EC,3
DE,PY,2
DE,PE,5
DE,UY,2
DE,GR,15
DE,RU,10
DE,IL,6
DE,KR,21
DE,LT,11
DE,MO,1
DE,PT,8
DE,BG,3
DE,UA,14
DE,NZ,8
DE,KZ,3
DE,JP,11
DE,EE,15
DE,RO,10
DE,PL,15
DE,AT,11
DE,SK,5
DE,PH,4
DE,CA,23
DE,ID,14
US,RU,90
US,AG,41
US,AI,33
US,AW,36
US,BB,28
US,BM,35
US,BZ,38
US,CC,35
US,CK,34
US,CX,34
US,DM,35
US,FK,27
US,FO,40
US,GD,33
US,GI,37
US,GL,33
US,GS,27
US,GY,36
US,IO,37
US,KN,41
US,KY,37
US,LC,35
US,LI,37
US,MH,31
US,MS,27
US,NF,35
US,NU,34
US,PN,37
US,SH,36
US,SJ,19
US,SM,37
US,SR,29
US,TC,26
US,TK,34
US,VA,36
US,VC,28
US,VG,36
NZ,US,9
NZ,AU,3
NZ,FR,4
NZ,SG,2
NZ,ES,2
NZ,FI,2
NZ,BR,2
NZ,GB,3
NZ,DE,4
NZ,PL,2
NZ,IE,2
NZ,CZ,1
NZ,IL,1
NZ,TW,2
NZ,NO,1
NZ,MX,2
NZ,PR,6
NZ,MY,1
NZ,NL,1
NZ,SE,2
NZ,BE,1
NZ,AR,1
NZ,DK,1
NZ,AE,1
NZ,IT,2
NZ,PE,1
NZ,SK,1
NZ,BG,1
NZ,BD,1
NZ,CA,4
NZ,IN,1
NZ,IS,1
NZ,LT,1
NZ,TR,1
NZ,ID,2
NZ,PT,2
NZ,HK,1
NZ,CO,1
NZ,HR,1
NZ,KZ,1
NZ,JP,2
NZ,KR,2
NZ,HU,2
NZ,RO,2
NZ,TH,2
NZ,AT,1
IE,US,37
IE,AU,10
IE,FR,8
IE,SG,7
IE,ES,10
IE,FI,7
IE,BR,7
IE,GB,22
IE,DE,14
IE,PL,5
IE,CZ,3
IE,IL,4
IE,TW,5
IE,NO,8
IE,MX,6
IE,PR,13
IE,MY,3
IE,NL,9
IE,SE,7
IE,BE,5
IE,AR,6
IE,DK,5
IE,AE,4
IE,IT,6
IE,PE,3
IE,SK,3
IE,BG,4
IE,BD,2
IE,CA,12
IE,IN,3
IE,IS,3
IE,LT,5
IE,TR,3
IE,ID,3
IE,PT,5
IE,HK,3
IE,CO,3
IE,HR,2
IE,KZ,2
IE,JP,7
IE,KR,7
IE,HU,4
IE,NZ,4
IE,RO,4
IE,TH,3
IE,AT,3
IT,US,30
IT,FR,23
IT,BR,6
IT,DE,13
IT,ES,11
IT,TR,3
IT,GB,13
IT,SG,5
IT,NO,2
IT,CZ,6
IT,UA,6
IT,KZ,2
IT,HK,1
IT,PL,12
IT,TH,2
IT,CA,6
IT,NL,9
IT,PR,9
IT,TW,7
IT,MX,3
IT,LT,2
IT,SE,4
IT,PT,2
IT,RO,5
IT,AT,1
IT,IL,7
IT,ID,4
IT,GR,7
IT,FI,1
IT,EE,2
IT,IE,5
IT,MO,1
IT,JP,3
IT,HU,3
IT,AU,11
IT,SK,2
IT,VN,1
IT,KR,8
IT,HR,2
IT,BE,4
IT,PH,1
CA,KZ,7
CA,LT,9
CA,BE,6
CA,EE,6
CA,AR,7
CA,ZA,4
CA,IS,2
CA,EC,4
CA,DO,4
CA,AT,6
CA,IE,12
CA,GP,2
CA,MA,1
CA,MC,1
CA,RE,1
CA,CH,9
CA,SA,4
CA,AG,2
CA,AW,2
CA,BA,2
CA,GT,3
CA,GY,2
CA,IQ,1
CA,KN,2
CA,LC,2
CA,LV,2
CA,MD,2
CA,ME,1
CA,MK,2
CA,MT,2
CA,PA,3
CA,RS,1
CA,SI,2
CA,SK,5
CA,TT,2
CA,VI,3
CA,MG,1
CA,MN,2
CA,NG,1
CA,LU,1
CA,PK,1
CA,NP,1
CA,PG,1
CA,GE,1
CA,MO,3
CA,VE,5
CA,AD,2
CA,AZ,2
CA,NZ,7
CA,BO,3
CA,CL,3
CA,CO,3
CA,CR,1
CA,HN,1
CA,NI,1
CA,PE,6
CA,PY,3
CA,SV,1
CA,UY,3
CA,CC,1
CA,CK,1
CA,CX,1
CA,NU,1
CA,NF,1
CA,TK,1
US,GP,33
US,MC,31
US,RE,32
US,IQ,21
FR,US,130
FR,NL,44
FR,KR,43
FR,HK,33
FR,NZ,10
FR,CA,46
FR,GB,78
FR,PT,18
FR,TR,23
FR,SE,29
FR,RU,41
FR,AU,47
CN,US,19
CN,ES,6
CN,BR,4
CN,FR,17
CN,UA,3
CN,DE,13
CN,FI,4
CN,IT,5
CN,NO,3
CN,JP,3
CN,TW,7
CN,CZ,4
CN,SG,10
CN,HK,10
CN,EE,2
CN,NL,3
CN,PL,7
CN,GB,14
CN,SE,4
CN,KR,9
CN,PT,2
CN,MX,4
CN,AT,4
CN,GR,4
CN,IL,3
CN,DK,2
CN,LT,3
CN,PR,7
CN,IE,5
CN,HU,5
CN,SI,1
CN,NZ,2
CN,AU,4
CN,TH,6
CN,VN,2
CN,CH,4
CN,SK,2
CN,PH,2
CN,RO,2
US,LB,30
US,NC,28
CA,CN,5
JP,RU,1
GB,RU,34
GB,MN,11
US,CV,25
US,FM,25
US,GM,25
US,GW,24
US,TM,25
GR,FR,7
GR,DE,5
GR,GB,4
GR,IE,3
GR,CA,5
GR,NZ,2
GR,IL,3
GR,NO,2
GR,KR,3
GR,SG,2
GR,SE,3
GR,PL,3
GR,MX,2
GR,CL,1
GR,BR,3
GR,UY,1
GR,RU,3
GR,PY,1
GR,AR,1
GR,TR,4
GR,IS,1
GR,AU,4
GR,CH,7
GR,UA,2
GR,ID,1
GR,ES,4
GR,CZ,2
GR,IN,2
GR,EE,3
FR,DE,92
FR,IE,20
FR,IL,19
FR,NO,15
FR,SG,30
FR,PL,39
FR,MX,16
FR,CL,6
FR,BR,35
FR,UY,1
FR,PY,1
FR,AR,12
FR,IS,3
FR,GR,44
FR,CH,67
FR,UA,35
FR,ID,17
FR,ES,64
FR,CZ,38
FR,IN,23
FR,EE,18
BE,FR,56
BE,DE,23
BE,GB,20
BE,IE,4
BE,CA,14
BE,NZ,1
BE,IL,6
BE,NO,5
BE,KR,11
BE,SG,9
BE,SE,11
BE,PL,13
BE,MX,4
BE,CL,1
BE,BR,11
BE,UY,1
BE,RU,15
BE,PY,1
BE,AR,3
BE,TR,8
BE,IS,1
BE,GR,17
BE,AU,6
BE,CH,24
BE,UA,11
BE,ID,5
BE,ES,18
BE,CZ,12
BE,IN,7
BE,EE,8
BG,US,5
BG,ES,1
BG,FR,3
BG,DE,3
BG,GB,2
BG,UA,2
BG,FI,1
BG,NO,1
BG,GR,1
BG,KZ,1
BG,CZ,1
BG,SG,1
BG,PL,1
BG,HK,1
BG,TW,1
BG,BR,1
BG,LT,2
BG,PT,1
BG,PH,1
BG,AE,1
BG,HU,1
BG,IT,1
BG,MX,1
BG,RU,2
BG,EE,1
BG,IE,1
BG,SE,1
BG,TR,1
BG,AU,1
BG,NL,2
BG,BE,2
BG,PR,3
BG,TH,1
BG,RO,1
BG,CN,1
BG,IL,3
BG,KR,1
BG,VN,1
BG,DO,1
BG,CH,1
BG,AD,1
BG,MO,1
BG,NZ,1
BG,HR,1
BG,SK,1
FR,FI,16
FR,KZ,7
FR,TW,34
FR,LT,18
FR,PH,5
FR,AE,4
FR,HU,13
FR,IT,54
FR,BE,31
FR,PR,18
FR,TH,9
FR,RO,14
FR,CN,17
FR,VN,6
FR,BG,4
FR,DO,5
FR,AD,3
FR,MO,1
FR,HR,1
FR,SK,8
GR,US,8
GR,FI,1
GR,KZ,1
GR,HK,1
GR,TW,1
GR,LT,1
GR,PT,1
GR,PH,1
GR,AE,1
GR,HU,1
GR,IT,1
GR,NL,3
GR,BE,3
GR,PR,4
GR,TH,1
GR,RO,2
GR,CN,1
GR,VN,1
GR,BG,1
GR,DO,1
GR,AD,1
GR,MO,1
GR,HR,1
GR,SK,1
GB,CY,10
IE,CH,4
IE,EE,5
IE,EC,4
IE,GR,5
IE,PH,3
US,AF,18
US,AQ,18
US,BI,17
US,BN,19
US,BT,19
US,CF,18
US,DJ,18
US,EH,18
US,ER,18
US,ET,18
US,GF,27
US,GQ,18
US,HM,18
US,IR,16
US,KI,17
US,KM,17
US,LR,18
US,LY,18
US,MQ,26
US,MR,17
US,MV,20
US,MW,18
US,NR,18
US,PF,28
US,PM,29
US,PS,18
US,PW,18
US,SB,18
US,SC,17
US,SD,17
US,SL,17
US,SO,18
US,SS,17
US,ST,18
US,TD,17
US,TL,18
US,TO,18
US,TV,16
US,UM,18
US,VU,17
US,WF,26
US,WS,18
US,YE,17
US,YT,26
DE,AZ,1
DE,CN,2
DE,SI,2
DE,AM,1
DE,MN,2
DE,IS,4
DE,IN,11
DE,AD,3
DE,VI,1
DE,GU,1
DE,MP,1
DE,AS,1
DE,VN,3
DE,HR,1
CA,KW,1
CA,BH,1
CA,OM,1
CA,AL,2
CA,AO,1
CA,CY,1
FR,JP,15
FR,PE,8
FR,KW,3
FR,SA,5
FR,AT,8
FR,BH,3
FR,DK,12
FR,MY,1
FR,OM,1
FR,LV,3
FR,MN,1
FR,AL,2
FR,BA,2
FR,MK,1
FR,SI,1
FR,AG,1
FR,AW,1
FR,GP,1
FR,GT,1
FR,GY,1
FR,PA,1
FR,KN,1
FR,LC,1
FR,TT,1
FR,VI,2
FR,AO,1
FR,MD,1
FR,MT,1
FR,CY,1
FR,AZ,3
CA,LB,1
KR,US,27
KR,DE,15
KR,GB,13
KR,AU,13
KR,NZ,4
KR,TH,9
KR,FR,12
KR,CZ,5
KR,ES,7
KR,PL,6
KR,IE,3
KR,NL,4
KR,TW,13
KR,SG,15
KR,HK,11
KR,PR,9
KR,IL,5
KR,RO,3
KR,SE,4
KR,GR,5
KR,ID,13
KR,LT,3
KR,CA,10
KR,EE,3
KR,VN,3
KR,CH,4
KR,PH,5
AU,US,24
AU,NO,2
AU,DE,12
AU,RU,6
AU,GB,18
AU,CA,12
AU,HU,3
AU,SE,6
AU,NL,3
AU,TR,2
AU,ES,6
AU,FI,1
AU,FR,11
AU,BR,5
AU,PL,7
AU,SG,6
AU,IL,2
AU,MX,6
AU,AR,3
AU,CZ,1
AU,TW,4
AU,LT,1
AU,KZ,1
AU,AT,1
AU,UA,5
AU,PT,6
AU,IT,6
AU,TH,2
AU,PH,3
AU,AE,3
AU,MY,1
AU,PE,3
AU,IE,7
AU,DK,2
AU,VN,1
AU,EE,1
AU,BE,1
AU,ZA,2
AU,PR,6
AU,EC,2
AU,TN,1
AU,IN,1
AU,MA,1
AU,BH,2
AU,QA,2
AU,SA,2
AU,HK,2
AU,GR,5
AU,OM,2
AU,AD,1
AU,ID,2
AU,LB,2
AU,RO,3
AU,KR,8
AU,JP,3
GB,TN,6
GB,MA,7
GB,QA,8
GB,OM,9
GB,LB,8
CN,CA,3
IT,CH,17
BE,IT,16
BE,FI,7
BE,BH,1
BE,LT,7
BE,KZ,1
BE,DK,8
BE,TH,2
BE,PT,5
BE,NL,20
BE,US,32
BE,HK,6
BE,PR,3
BE,SK,2
ES,CZ,4
ES,RU,7
ES,FI,5
ES,EE,3
ES,CH,3
ES,BH,2
ES,AR,8
ES,LT,2
ES,UA,9
ES,GR,8
ES,KZ,1
ES,DK,4
ES,TH,5
ES,PT,6
ES,HK,5
ES,PR,8
ES,SK,1
SA,FR,8
SA,RU,4
SA,ES,3
SA,UA,2
SA,PR,4
SA,US,12
SA,DE,6
SA,NL,3
SA,TW,3
SA,BR,2
SA,GR,4
SA,RO,2
SA,TH,1
SA,LT,2
SA,MX,1
SA,KZ,2
SA,HK,2
SA,PT,2
SA,AU,1
SA,KR,2
SA,IL,4
SA,HU,2
SA,CA,4
JP,AF,1
JP,AG,1
JP,AI,1
JP,AL,1
JP,AM,1
JP,AO,1
JP,AQ,1
JP,AS,1
JP,AW,1
JP,AZ,1
JP,BB,1
JP,BD,1
JP,BF,1
JP,BI,1
JP,BJ,1
JP,BM,1
JP,BN,1
JP,BS,1
JP,BT,1
JP,BY,1
JP,BZ,1
JP,CC,1
JP,CD,1
JP,CF,1
JP,CG,1
JP,CI,1
JP,CK,1
JP,CM,1
JP,CR,1
JP,CV,1
JP,CX,1
JP,CY,1
JP,DJ,1
JP,DM,1
JP,DZ,1
JP,EH,1
JP,ER,1
JP,ET,1
JP,FJ,1
JP,FK,1
JP,FM,1
JP,FO,2
JP,GA,1
JP,GD,1
JP,GF,1
JP,GI,1
JP,GM,1
JP,GL,1
JP,GN,1
JP,GP,1
JP,GQ,1
JP,GS,1
JP,GU,1
JP,GY,1
JP,GW,1
JP,HM,1
JP,IO,1
JP,IQ,1
JP,IR,1
JP,JM,1
JP,JO,1
JP,KG,1
JP,KH,1
JP,KI,1
JP,KM,1
JP,KN,1
JP,KY,1
JP,LA,1
JP,LB,1
JP,LI,1
JP,LC,1
JP,LK,1
JP,LR,1
JP,LU,1
JP,LY,1
JP,MA,1
JP,MD,1
JP,MC,1
JP,MG,1
JP,MH,1
JP,ML,1
JP,MK,1
JP,MM,1
JP,MO,1
JP,MQ,1
JP,MP,1
JP,MR,1
JP,MS,1
JP,MT,1
JP,MU,1
JP,MV,1
JP,MW,1
JP,MZ,1
JP,NE,1
JP,NC,1
JP,NF,1
JP,NG,2
JP,NP,1
JP,NR,1
JP,NU,1
JP,PG,1
JP,PF,1
JP,PK,1
JP,PM,1
JP,PN,1
JP,PS,1
JP,PW,1
JP,RE,1
JP,RW,1
JP,SB,1
JP,SC,1
JP,SD,1
JP,SH,1
JP,SI,1
JP,SL,1
JP,SM,1
JP,SN,1
JP,SO,1
JP,SR,1
JP,SS,1
JP,ST,1
JP,TC,1
JP,TD,1
JP,TG,1
JP,TJ,1
JP,TK,1
JP,TM,1
JP,TL,1
JP,TN,1
JP,TO,1
JP,TT,2
JP,TV,1
JP,UM,1
JP,UZ,1
JP,VA,1
JP,VC,1
JP,VG,1
JP,VI,1
JP,VU,1
JP,WF,1
JP,WS,1
JP,YE,1
JP,YT,1
FR,VE,1
CN,RU,7
CN,ID,5
BR,SG,3
BR,US,4
BR,PL,3
BR,FR,3
BR,UA,3
BR,DE,3
BR,GB,3
BR,TR,1
BR,KR,2
BR,ES,1
BR,JP,1
BR,NL,1
CN,TR,2
CN,BH,1
CN,EG,1
CN,JO,1
CN,KW,1
CN,LB,1
CN,OM,1
CN,QA,1
CN,SA,2
CN,AE,1
CN,KZ,2
CN,IS,1
KR,BR,8
KR,MX,4
KR,TR,5
KR,IT,5
KR,RU,7
KR,BE,2
KR,LU,2
US,TF,11
CN,MY,1
HK,CN,4
HK,SG,3
HK,GB,5
HK,US,4
HK,MY,1
HK,RU,1
HK,TW,3
HK,UA,1
HK,KR,3
HK,DE,4
HK,ID,1
GB,AI,7
GB,AG,8
GB,BS,7
GB,BY,8
GB,BZ,8
GB,BM,7
GB,BW,7
GB,VG,7
GB,KH,9
GB,CV,7
GB,KY,7
GB,CR,8
GB,DM,7
GB,SZ,7
GB,FM,7
GB,FJ,7
GB,GM,7
GB,GH,7
GB,GD,7
GB,GW,7
GB,JO,7
GB,LA,8
GB,LU,11
GB,MU,7
GB,MZ,7
GB,NA,7
GB,NE,7
GB,KN,8
GB,SI,10
GB,LK,7
GB,TM,7
GB,UG,7
GB,VI,9
GB,ZW,7
AU,PA,1
CN,BE,1
CN,IN,1
CN,ZA,1
CN,AR,1
CN,BO,1
CN,CL,1
CN,CO,1
CN,EC,1
CN,PY,1
CN,PE,1
CN,UY,1
CN,VE,1
CN,CU,1
CN,SV,1
CN,GT,1
CN,HN,1
CN,DO,1
CN,TT,1
CN,HT,1
CN,NI,1
CA,RU,9
GB,AW,6
GB,GP,6
GB,MC,6
GB,RE,6
GB,GY,6
GB,LC,6
GB,MK,7
GB,PG,6
GB,RS,7
GB,MG,6
GB,MV,6
GB,PK,6
GB,CC,6
GB,CK,6
GB,CX,6
GB,FO,6
GB,GL,6
GB,GI,6
GB,IO,6
GB,LI,6
GB,NF,6
GB,NU,6
GB,PN,6
GB,SH,6
GB,SM,6
GB,SJ,1
GB,TK,6
GB,VA,6
DE,AL,1
DE,LV,1
DE,BZ,1
DE,CR,1
DE,GT,1
DE,HN,1
DE,PA,1
DE,NI,1
DE,SV,1
DE,CY,1
DE,KH,1
DE,MY,1
IN,US,18
IN,TR,1
IN,FR,10
IN,CA,4
IN,BR,2
IN,IT,1
IN,NL,4
IN,AR,1
IN,NO,2
IN,DE,6
IN,AU,3
IN,UA,1
IN,TH,3
IN,PL,4
IN,AT,1
IN,IL,5
IN,PT,1
IN,PR,6
IN,LT,1
IN,BE,1
IN,CH,1
IN,AL,1
IN,LV,1
IN,NZ,2
IN,SI,1
IN,BG,1
IN,ID,1
IN,AE,4
IN,BZ,1
IN,CR,1
IN,GT,1
IN,HN,1
IN,MX,1
IN,KW,2
IN,PA,1
IN,SA,1
IN,NI,1
IN,SV,1
IN,EE,1
IN,VN,1
IN,ZA,1
IN,BO,1
IN,CL,1
IN,CO,1
IN,CY,1
IN,EC,1
IN,PE,1
IN,PY,1
IN,VE,1
IN,IS,1
IN,JP,3
IN,KH,1
IN,MY,4
IN,MN,1
IN,UY,1
IN,HK,1
IN,GR,2
BE,HU,2
KR,FI,3
KR,AR,2
KR,CL,2
KR,CO,2
KR,EC,2
KR,PY,2
KR,PE,2
AR,CA,3
AR,US,9
AR,ES,4
AR,PR,1
AR,GB,3
AR,RU,1
AR,UA,1
AR,AU,2
AR,PL,2
AR,MX,2
AR,CO,1
AR,IS,2
AR,PH,1
AR,FR,5
CH,DE,3
CH,US,16
CH,GB,6
CH,SG,3
CH,FR,12
CH,PR,3
CH,AU,5
CH,BR,4
CH,CA,5
CH,ES,4
CH,NL,6
CH,SE,5
CH,MX,3
PL,FR,6
PL,US,15
PL,CA,5
PL,GB,6
PL,CH,2
PL,NO,2
PL,FI,3
PL,ES,6
PL,EE,3
PL,IN,3
PL,IE,3
GB,AF,5
GB,AO,5
GB,AQ,5
GB,BB,5
GB,BD,5
GB,BF,5
GB,BI,5
GB,BJ,5
GB,BN,5
GB,BT,5
GB,CD,5
GB,CF,5
GB,CG,5
GB,CI,5
GB,DJ,5
GB,EH,5
GB,ER,5
GB,ET,5
GB,FK,5
GB,GA,5
GB,GF,5
GB,GN,5
GB,GQ,5
GB,GS,5
GB,HM,5
GB,IQ,5
GB,IR,5
GB,JM,5
GB,KE,5
GB,KI,5
GB,KM,5
GB,LS,5
GB,LR,5
GB,LY,5
GB,MH,6
GB,ML,5
GB,MQ,5
GB,MR,5
GB,MS,5
GB,MW,5
GB,NC,5
GB,NG,5
GB,NP,5
GB,NR,5
GB,PF,5
GB,PM,5
GB,PS,5
GB,PW,5
GB,RW,5
GB,SB,5
GB,SC,5
GB,SD,5
GB,SL,5
GB,SN,5
GB,SO,5
GB,SR,5
GB,SS,5
GB,ST,5
GB,TC,5
GB,TD,5
GB,TG,5
GB,TL,5
GB,TO,5
GB,TV,3
GB,TZ,5
GB,UM,5
GB,VC,5
GB,WF,5
GB,VU,5
GB,WS,5
GB,YE,5
GB,YT,5
GB,ZM,5
FI,US,26
FI,ES,5
FI,RU,4
FI,UA,5
FI,NO,2
FI,MX,3
FI,IS,1
FI,GR,1
FI,LV,1
FI,SE,5
FI,TR,1
FI,NL,4
FI,DE,8
FI,DK,3
FI,AU,5
FI,FR,6
FI,BR,5
FI,CZ,4
FI,PL,2
FI,IT,4
FI,HK,1
FI,TW,2
FI,GB,7
FI,HU,2
FI,IL,1
FI,CA,7
FI,EE,5
FI,LT,3
FI,BE,1
FI,IE,5
FI,TH,2
FI,KR,5
FI,KZ,2
FI,NZ,2
FI,IN,2
FI,AT,1
FI,HR,1
FI,PT,1
FI,SG,1
FI,AR,4
FI,PE,1
FI,UY,1
HK,FR,3
HK,PL,1
CA,AS,1
CA,GU,1
CA,MP,1
CA,MH,1
FR,AS,1
FR,GU,1
FR,MP,1
FR,MH,1
KR,AS,2
KR,GU,2
KR,MP,2
KR,VI,2
KR,MH,2
FR,SN,1
DE,SN,1
ES,SN,1
ES,AT,3
ES,BE,4
BE,SN,1
BE,AT,2
FI,SA,2
FI,AE,2
IT,RU,3
IT,IS,1
IT,BY,1
IT,MN,1
IT,ZA,1
SA,IT,3
SA,GB,4
SA,PL,3
SA,IS,1
SA,IE,1
SA,EE,1
SA,CH,5
SA,BY,1
SA,MN,1
SA,TR,2
SA,HR,1
SA,ZA,1
IE,RU,5
CH,IT,7
CH,NO,3
CH,DK,3
CH,RU,2
CH,GR,4
CH,FI,2
CH,BE,3
ES,AE,2
ES,EC,1
ES,IN,6
ES,NO,4
ES,PH,2
ES,ZA,3
ES,KR,13
ES,VN,3
ES,HU,6
IN,GB,17
IN,ES,4
IN,KR,4
IN,RU,2
MX,SG,12
MX,US,31
MX,PL,7
MX,ES,4
MX,FR,11
MX,AR,1
MX,VE,1
MX,BO,1
MX,CL,1
MX,CO,1
MX,BR,7
MX,EC,1
MX,PE,1
MX,PY,1
MX,UY,1
MX,PH,2
MX,AU,4
MX,TH,4
MX,JP,3
MX,NZ,1
MX,IE,2
MX,GB,13
MX,SE,5
MX,IN,1
MX,PR,9
MX,NO,3
MX,DK,1
MX,DE,11
MX,GR,4
MX,RO,8
MX,KR,6
BE,TW,8
BE,CN,8
CZ,US,7
CZ,DE,4
CZ,FR,3
CZ,AU,1
CZ,NZ,1
CZ,CA,3
CZ,KR,4
CZ,NL,2
CZ,BR,2
MX,KW,1
MX,SA,1
MX,AE,1
MX,IL,2
MX,TW,1
MX,UA,2
MX,RU,3
MX,CA,7
MX,IT,4
MX,VN,1
MX,ID,2
DO,US,2
DO,ES,1
DO,AU,1
DO,GB,2
DO,KW,1
DO,SA,1
DO,AE,1
DO,SG,1
DO,IL,1
DO,TW,1
DO,PH,1
DO,BR,1
DO,UA,1
DO,RU,1
DO,JP,1
DO,GR,1
DO,RO,1
DO,CA,2
DO,IT,1
DO,TH,1
DO,DE,1
DO,VN,1
DO,MX,1
DO,ID,1
DO,KR,1
KR,JP,3
KR,BG,2
KR,HR,2
KR,DK,2
KR,HU,3
KR,IN,2
KR,MY,3
KR,NO,2
KR,PT,3
KR,SK,2
KR,ZA,2
KR,UA,4
KR,AE,2
CZ,TW,2
CZ,RU,1
CZ,MX,1
CZ,GB,1
BE,RO,3
GR,DK,1
GR,AT,1
HU,US,5
HU,CA,2
HU,SE,2
HU,GB,3
HU,NO,3
HU,PR,2
HU,DE,5
HU,MX,2
HU,BR,2
HU,IE,2
HU,AU,2
HU,KR,3
HU,ES,2
HU,TW,2
HU,FR,2
HU,RO,2
HU,CZ,2
HU,FI,2
ES,MY,2
ES,IE,8
BG,DK,1
NL,RU,1
NL,BE,1
NL,US,2
NL,GB,1
NL,UA,1
NL,LT,1
NL,DK,1
NL,DE,2
NL,IL,1
NL,FR,2
ES,TW,10
ES,NZ,1
ES,BA,1
FR,QA,2
FR,ZA,2
IE,BH,3
IE,KW,2
IE,QA,3
IE,SA,3
IE,ZA,3
ES,KW,1
ES,QA,1
ES,SA,1
DK,IT,4
DK,RU,1
DK,KR,5
DK,US,9
DK,CA,3
DK,CH,1
DK,GR,2
SE,DK,5
SE,IT,2
SE,RU,1
SE,KR,6
SE,US,11
SE,CA,4
SE,CH,2
SE,GR,2
IN,FI,1
IN,IE,7
IN,SG,4
IT,NZ,2
AU,LU,1
TW,HK,3
TW,SG,3
IN,RO,1
MX,NL,3
UA,ES,1
UA,AE,1
UA,OM,1
UA,BH,1
UA,KW,1
UA,QA,1
UA,SA,1
UA,LB,1
UA,FR,1
UA,AU,1
UA,DE,3
UA,CZ,1
UA,IT,1
UA,GB,1
UA,US,2
UA,RO,1
UA,PL,1
UA,IE,1
UA,SK,1
UA,LT,1
UA,NO,1
UA,BR,1
UA,KR,1
UA,GR,1
UA,FI,1
UA,VN,1
UA,NL,1
EE,US,2
EE,GB,1
EE,KW,1
EE,AE,1
EE,SA,1
EE,DE,3
EE,RU,1
EE,NZ,1
EE,AU,1
EE,CA,1
TH,LA,2
TH,KH,1
TH,SG,3
TH,VN,2
TH,US,6
TH,MX,2
AU,VE,1
AU,BO,1
AU,CL,1
AU,CO,1
AU,SV,1
AU,PY,1
AU,UY,1
AU,DO,1
AU,NI,1
AU,NZ,2
KR,MN,2
BE,VN,1
SA,CZ,2
SA,NO,1
RU,ES,1
RU,FR,4
RU,NL,3
RU,DE,2
RU,IT,3
RU,CZ,1
RU,PL,1
RU,GR,1
RU,LT,2
RU,IL,2
RU,NO,1
RU,TW,1
RU,RO,1
RU,HK,1
DK,SG,4
DK,DE,7
DK,BR,1
DK,MX,1
DK,PL,4
DK,IL,1
DK,GB,6
DK,PR,3
DK,VI,1
DK,GU,1
DK,FR,9
KN,US,2
KN,DE,1
KN,ES,1
LU,TR,1
LU,US,5
LU,RU,1
LU,LT,1
LU,GB,2
LU,ES,1
LU,IL,1
LU,DE,2
LU,ID,1
LU,KR,2
KR,AD,1
KR,AF,1
KR,AG,1
KR,AI,1
KR,AL,1
KR,AM,1
KR,AO,1
KR,AQ,1
KR,AT,1
KR,AW,1
KR,AZ,1
KR,BA,1
KR,BB,1
KR,BD,1
KR,BF,1
KR,BH,1
KR,BI,1
KR,BJ,1
KR,BM,1
KR,BN,1
KR,BO,1
KR,BS,1
KR,BT,1
KR,BW,1
KR,BY,1
KR,BZ,1
KR,CC,1
KR,CD,1
KR,CF,1
KR,CG,1
KR,CI,1
KR,CK,1
KR,CM,1
KR,CR,1
KR,CU,1
KR,CV,1
KR,CX,1
KR,CY,1
KR,DJ,1
KR,DM,1
KR,DO,1
KR,DZ,1
KR,EG,1
KR,EH,1
KR,ER,1
KR,ET,1
KR,FJ,1
KR,FK,1
KR,FM,1
KR,FO,1
KR,GA,1
KR,GD,1
KR,GE,1
KR,GF,1
KR,GI,1
KR,GH,1
KR,GL,1
KR,GM,1
KR,GN,1
KR,GP,1
KR,GQ,1
KR,GS,1
KR,GT,1
KR,GY,1
KR,GW,1
KR,HM,1
KR,HN,1
KR,HT,1
KR,IO,1
KR,IQ,1
KR,IR,1
KR,IS,1
KR,JM,1
KR,JO,1
KR,KE,1
KR,KG,1
KR,KH,1
KR,KM,1
KR,KI,1
KR,KN,1
KR,KW,1
KR,KY,1
KR,KZ,1
KR,LA,1
KR,LB,1
KR,LC,1
KR,LI,1
KR,LK,1
KR,LS,1
KR,LR,1
KR,LV,1
KR,LY,1
KR,MA,1
KR,MD,1
KR,MC,1
KR,ME,1
KR,MG,1
KR,MK,1
KR,ML,1
KR,MM,1
KR,MO,1
KR,MQ,1
KR,MR,1
KR,MS,1
KR,MT,1
KR,MU,1
KR,MV,1
KR,MW,1
KR,MZ,1
KR,NA,1
KR,NC,1
KR,NE,1
KR,NF,1
KR,NG,1
KR,NI,1
KR,NP,1
KR,NR,1
KR,NU,1
KR,OM,1
KR,PA,1
KR,PF,1
KR,PG,1
KR,PK,1
KR,PM,1
KR,PN,1
KR,PS,1
KR,PW,1
KR,QA,1
KR,RE,1
KR,RS,1
KR,RW,1
KR,SA,1
KR,SB,1
KR,SC,1
KR,SD,1
KR,SH,1
KR,SI,1
KR,SL,1
KR,SM,1
KR,SN,1
KR,SO,1
KR,SR,1
KR,SS,1
KR,SV,1
KR,ST,1
KR,SZ,1
KR,TC,1
KR,TD,1
KR,TG,1
KR,TJ,1
KR,TK,1
KR,TL,1
KR,TM,1
KR,TN,1
KR,TO,1
KR,TT,1
KR,TV,1
KR,TZ,1
KR,UG,1
KR,UM,1
KR,UY,1
KR,UZ,1
KR,VA,1
KR,VC,1
KR,VE,1
KR,VG,1
KR,VU,1
KR,WF,1
KR,WS,1
KR,YE,1
KR,YT,1
KR,ZM,1
KR,ZW,1
HU,SG,1
HU,PL,1
HU,AD,1
HU,AE,1
HU,AF,1
HU,AG,1
HU,AI,1
HU,AL,1
HU,AM,1
HU,AO,1
HU,AQ,1
HU,AR,1
HU,AS,1
HU,AT,1
HU,AW,1
HU,AZ,1
HU,BA,1
HU,BB,1
HU,BD,1
HU,BE,1
HU,BF,1
HU,BG,1
HU,BH,1
HU,BI,1
HU,BJ,1
HU,BM,1
HU,BN,1
HU,BO,1
HU,BS,1
HU,BT,1
HU,BW,1
HU,BY,1
HU,BZ,1
HU,CC,1
HU,CD,1
HU,CF,1
HU,CG,1
HU,CH,1
HU,CI,1
HU,CK,1
HU,CL,1
HU,CM,1
HU,CO,1
HU,CR,1
HU,CU,1
HU,CV,1
HU,CX,1
HU,CY,1
HU,DJ,1
HU,DK,1
HU,DM,1
HU,DO,1
HU,DZ,1
HU,EC,1
HU,EE,1
HU,EG,1
HU,EH,1
HU,ER,1
HU,ET,1
HU,FJ,1
HU,FK,1
HU,FM,1
HU,FO,1
HU,GA,1
HU,GD,1
HU,GE,1
HU,GF,1
HU,GI,1
HU,GH,1
HU,GL,1
HU,GM,1
HU,GN,1
HU,GP,1
HU,GQ,1
HU,GR,1
HU,GS,1
HU,GT,1
HU,GU,1
HU,GY,1
HU,GW,1
HU,HK,1
HU,HM,1
HU,HN,1
HU,HR,1
HU,HT,1
HU,ID,1
HU,IL,1
HU,IN,1
HU,IO,1
HU,IQ,1
HU,IR,1
HU,IS,1
HU,IT,1
HU,JM,1
HU,JP,1
HU,JO,1
HU,KE,1
HU,KG,1
HU,KH,1
HU,KM,1
HU,KI,1
HU,KN,1
HU,KW,1
HU,KY,1
HU,KZ,1
HU,LA,1
HU,LB,1
HU,LC,1
HU,LI,1
HU,LK,1
HU,LS,1
HU,LR,1
HU,LT,1
HU,LU,1
HU,LV,1
HU,LY,1
HU,MA,1
HU,MD,1
HU,MC,1
HU,ME,1
HU,MG,1
HU,MH,1
HU,MK,1
HU,ML,1
HU,MM,1
HU,MN,1
HU,MO,1
HU,MP,1
HU,MQ,1
HU,MR,1
HU,MS,1
HU,MT,1
HU,MU,1
HU,MV,1
HU,MW,1
HU,MZ,1
HU,MY,1
HU,NA,1
HU,NC,1
HU,NE,1
HU,NF,1
HU,NG,1
HU,NI,1
HU,NL,1
HU,NP,1
HU,NR,1
HU,NU,1
HU,NZ,1
HU,OM,1
HU,PA,1
HU,PE,1
HU,PF,1
HU,PG,1
HU,PH,1
HU,PK,1
HU,PM,1
HU,PN,1
HU,PS,1
HU,PT,1
HU,PW,1
HU,PY,1
HU,QA,1
HU,RE,1
HU,RU,1
HU,RS,1
HU,RW,1
HU,SA,1
HU,SB,1
HU,SC,1
HU,SD,1
HU,SH,1
HU,SI,1
HU,SK,1
HU,SL,1
HU,SM,1
HU,SN,1
HU,SO,1
HU,SR,1
HU,SS,1
HU,SV,1
HU,ST,1
HU,SZ,1
HU,TC,1
HU,TD,1
HU,TG,1
HU,TH,1
HU,TJ,1
HU,TK,1
HU,TL,1
HU,TM,1
HU,TN,1
HU,TO,1
HU,TR,1
HU,TT,1
HU,TV,1
HU,TZ,1
HU,UA,1
HU,UG,1
HU,UM,1
HU,UY,1
HU,UZ,1
HU,VA,1
HU,VC,1
HU,VE,1
HU,VG,1
HU,VI,1
HU,VN,1
HU,VU,1
HU,WF,1
HU,WS,1
HU,YE,1
HU,YT,1
HU,ZA,1
HU,ZM,1
HU,ZW,1
IN,TW,1
IT,IN,5
IT,MY,1
TR,IN,5
TR,FR,9
TR,GB,4
TR,US,16
TR,IE,2
TR,DE,4
TR,IL,2
TR,TH,1
TR,TW,2
TR,MY,1
TR,PL,7
RS,US,8
RS,DE,3
RS,PL,3
RS,CA,2
RS,GB,3
RS,SG,1
RS,PR,3
RS,TW,1
RS,IE,2
RS,AU,1
RS,VN,1
RS,BE,1
AU,EG,1
AU,JO,1
AU,KW,1
PL,SG,5
PL,PR,4
PL,MX,1
PL,BR,2
PL,DE,4
PL,AD,1
PL,AE,1
PL,AG,1
PL,AL,1
PL,AF,1
PL,AI,1
PL,AO,1
PL,AM,1
PL,AQ,1
PL,AR,1
PL,AT,1
PL,AU,1
PL,AS,1
PL,AW,1
PL,BD,1
PL,BA,1
PL,BB,1
PL,AZ,1
PL,BF,1
PL,BI,1
PL,BG,1
PL,BH,1
PL,BE,2
PL,BM,1
PL,BJ,1
PL,BN,1
PL,BO,1
PL,BT,1
PL,BW,1
PL,BY,1
PL,BS,1
PL,BZ,1
PL,CC,1
PL,CD,1
PL,CG,1
PL,CF,1
PL,CI,1
PL,CK,1
PL,CL,1
PL,CM,1
PL,CO,1
PL,CR,1
PL,CV,1
PL,CY,1
PL,CU,1
PL,CX,1
PL,DK,1
PL,CZ,6
PL,DM,1
PL,DJ,1
PL,DO,1
PL,EC,1
PL,DZ,1
PL,EG,1
PL,EH,1
PL,ER,1
PL,ET,1
PL,FJ,1
PL,FM,1
PL,FO,1
PL,FK,1
PL,GA,1
PL,GF,1
PL,GE,1
PL,GD,1
PL,GH,1
PL,GI,1
PL,GM,1
PL,GL,1
PL,GR,2
PL,GS,1
PL,GP,1
PL,GQ,1
PL,GN,1
PL,GY,1
PL,GW,1
PL,GT,1
PL,GU,1
PL,HR,1
PL,HK,1
PL,HM,1
PL,HN,1
PL,HT,1
PL,HU,2
PL,ID,1
PL,IL,2
PL,IO,1
PL,IQ,1
PL,IR,1
PL,IS,1
PL,IT,5
PL,JM,1
PL,JO,1
PL,JP,2
PL,KE,1
PL,KH,1
PL,KG,1
PL,KR,6
PL,KI,1
PL,KM,1
PL,KN,1
PL,KW,1
PL,KY,1
PL,LA,1
PL,KZ,1
PL,LB,1
PL,LC,1
PL,LI,1
PL,LK,1
PL,LR,1
PL,LV,2
PL,LS,1
PL,LT,2
PL,LU,1
PL,LY,1
PL,MC,1
PL,ME,1
PL,MA,1
PL,MD,1
PL,MH,1
PL,MK,1
PL,MG,1
PL,ML,1
PL,MM,1
PL,MN,1
PL,MO,1
PL,MQ,1
PL,MP,1
PL,MT,1
PL,MR,1
PL,MU,1
PL,MS,1
PL,MV,1
PL,MY,1
PL,MW,1
PL,MZ,1
PL,NA,1
PL,NG,1
PL,NC,1
PL,NE,1
PL,NF,1
PL,NL,1
PL,NP,1
PL,NI,1
PL,NR,1
PL,NZ,1
PL,OM,1
PL,NU,1
PL,PA,1
PL,PE,1
PL,PF,1
PL,PG,1
PL,PH,1
PL,PK,1
PL,PM,1
PL,PN,1
PL,PS,1
PL,PT,1
PL,PW,1
PL,QA,1
PL,PY,1
PL,RO,3
PL,RW,1
PL,RE,1
PL,RS,1
PL,SA,1
PL,SC,1
PL,SE,3
PL,SB,1
PL,SD,1
PL,SL,1
PL,SK,2
PL,SH,1
PL,SI,1
PL,SO,1
PL,SN,1
PL,SR,1
PL,SM,1
PL,SZ,1
PL,SS,1
PL,ST,1
PL,SV,1
PL,TC,1
PL,TG,1
PL,TD,1
PL,TJ,1
PL,TH,2
PL,TM,1
PL,TK,1
PL,TL,1
PL,TN,1
PL,TO,1
PL,TZ,1
PL,TR,4
PL,TT,1
PL,TW,2
PL,UY,1
PL,UM,1
PL,UA,1
PL,UG,1
PL,UZ,1
PL,VA,1
PL,VC,1
PL,VE,1
PL,VG,1
PL,VN,1
PL,VU,1
PL,VI,1
PL,WS,1
PL,YT,1
PL,WF,1
PL,YE,1
PL,ZA,2
PL,ZW,1
PL,ZM,1
CH,KR,3
CH,IL,3
CH,PL,4
CH,IE,2
CH,UA,2
CH,PT,2
CH,JP,2
CH,NZ,3
CH,CY,2
CH,AT,2
CH,AD,1
CH,AI,1
CH,AG,1
CH,AE,1
CH,AF,1
CH,AO,1
CH,AL,1
CH,AM,1
CH,AQ,1
CH,AW,1
CH,AR,2
CH,AS,1
CH,BD,1
CH,BA,1
CH,AZ,1
CH,BB,1
CH,BF,1
CH,BG,1
CH,BH,1
CH,BI,1
CH,BJ,1
CH,BN,1
CH,BM,1
CH,BO,1
CH,BT,1
CH,BS,1
CH,BZ,1
CH,CC,1
CH,BW,1
CH,BY,1
CH,CF,1
CH,CD,1
CH,CG,1
CH,CI,1
CH,CM,1
CH,CK,1
CH,CR,1
CH,CL,1
CH,CO,1
CH,CX,1
CH,CU,1
CH,CV,1
CH,CZ,3
CH,DJ,1
CH,DM,1
CH,DO,1
CH,EC,1
CH,DZ,1
CH,EE,1
CH,EG,1
CH,ER,1
CH,ET,1
CH,EH,1
CH,FK,1
CH,FM,1
CH,FJ,1
CH,FO,1
CH,GA,1
CH,GE,1
CH,GD,1
CH,GF,1
CH,GI,1
CH,GL,1
CH,GH,1
CH,GN,1
CH,GM,1
CH,GQ,1
CH,GP,1
CH,GU,1
CH,GT,1
CH,GW,1
CH,GY,1
CH,GS,1
CH,HN,1
CH,HR,1
CH,HK,2
CH,HM,1
CH,ID,3
CH,IN,2
CH,HT,1
CH,HU,1
CH,IQ,1
CH,IO,1
CH,IR,1
CH,IS,1
CH,KE,1
CH,JM,1
CH,JO,1
CH,KI,1
CH,KG,1
CH,KH,1
CH,KM,1
CH,KY,1
CH,KN,1
CH,KZ,1
CH,LA,1
CH,KW,1
CH,LI,1
CH,LC,1
CH,LB,1
CH,LK,1
CH,LR,1
CH,LU,1
CH,LS,1
CH,LV,2
CH,LT,2
CH,LY,1
CH,MC,1
CH,MD,1
CH,MA,1
CH,MK,1
CH,ME,1
CH,MG,1
CH,MH,1
CH,MO,1
CH,MM,1
CH,MN,1
CH,ML,1
CH,MP,1
CH,MQ,1
CH,MS,1
CH,MR,1
CH,MT,1
CH,MV,1
CH,MW,1
CH,MU,1
CH,MZ,1
CH,NA,1
CH,MY,1
CH,NC,1
CH,NG,1
CH,NF,1
CH,NE,1
CH,NP,1
CH,NI,1
CH,NU,1
CH,NR,1
CH,PE,1
CH,OM,1
CH,PA,1
CH,PH,1
CH,PK,1
CH,PF,1
CH,PG,1
CH,PN,1
CH,PM,1
CH,PS,1
CH,QA,1
CH,PW,1
CH,PY,1
CH,RE,1
CH,RO,2
CH,RS,1
CH,SA,1
CH,SB,1
CH,RW,1
CH,SC,1
CH,SH,1
CH,SD,1
CH,SM,1
CH,SI,1
CH,SK,1
CH,SL,1
CH,SN,1
CH,SO,1
CH,SS,1
CH,SR,1
CH,SZ,1
CH,SV,1
CH,ST,1
CH,TD,1
CH,TG,1
CH,TC,1
CH,TJ,1
CH,TH,1
CH,TK,1
CH,TL,1
CH,TN,1
CH,TM,1
CH,TO,1
CH,TT,1
CH,TW,1
CH,TR,1
CH,TV,1
CH,UM,1
CH,UG,1
CH,TZ,1
CH,UY,1
CH,UZ,1
CH,VA,1
CH,VC,1
CH,VE,1
CH,VI,1
CH,VG,1
CH,WS,1
CH,VU,1
CH,VN,1
CH,WF,1
CH,ZM,1
CH,YE,1
CH,YT,1
CH,ZA,1
CH,ZW,1
TH,PR,2
TH,GB,3
TH,DE,7
TH,NL,4
IT,DK,1
IE,MO,2
IE,VI,2
IE,SZ,2
IE,FM,2
IE,FJ,2
IE,GH,2
IE,GM,2
IE,AI,2
IE,AG,2
IE,AM,2
IE,AZ,2
IE,BS,2
IE,BY,2
IE,BM,2
IE,BZ,2
IE,BW,2
IE,BO,2
IE,VG,2
IE,KH,2
IE,CV,2
IE,KY,2
IE,CL,2
IE,CY,2
IE,CR,2
IE,DM,2
IE,DO,3
IE,EG,2
IE,SV,2
IE,GD,2
IE,GW,2
IE,GT,2
IE,HN,2
IE,LA,2
IE,JO,2
IE,LB,2
IE,LV,3
IE,LU,2
IE,MU,3
IE,MD,2
IE,MT,2
IE,MZ,2
IE,MN,2
IE,NA,2
IE,NE,2
IE,NI,2
IE,PA,2
IE,OM,2
IE,PY,2
IE,KN,2
IE,SI,2
IE,LK,2
IE,TJ,2
IE,TT,2
IE,TM,2
IE,UA,2
IE,UG,2
IE,VE,3
IE,ZW,2
IE,VN,2
GB,AN,1
RU,GB,2
RU,US,4
RU,AU,1
RU,NZ,1
RU,KR,1
IS,FR,1
IS,DE,1
IS,HK,1
IS,PL,1
IS,SG,1
NZ,DO,1
NZ,AD,1
NZ,VN,1
NZ,EE,1
BE,JP,4
BE,PH,1
AU,CN,1
TH,TW,1
TH,HK,1
TH,ID,1
FR,LU,2
HK,JP,1
HK,ES,1
HK,CA,1
TH,RU,1
TH,UA,2
TH,FR,6
TH,IT,2
TH,LT,1
LI,US,2
LI,KR,2
LI,UA,1
LI,FR,2
LI,CH,1
LI,GB,1
LI,JP,1
LI,CZ,1
LI,SE,1
LI,CA,1
TW,KH,1
TW,VN,1
TW,MO,1
TW,KR,2
TW,PL,2
TW,US,6
TW,PR,1
TW,DE,2
TW,TH,1
TW,FR,3
TW,AU,1
LU,FR,3
LU,CH,3
LU,HU,1
LU,EE,2
LT,PL,2
LT,CA,1
LT,ES,1
LT,GB,2
LT,KR,1
LT,HU,1
LT,US,3
LT,LV,1
LT,IE,1
LT,CZ,1
LT,EE,1
RS,ES,2
RS,KR,2
RS,HU,1
RS,LV,1
RS,CZ,3
RS,EE,1
TH,MY,1
TH,PT,2
TH,ES,1
TH,AU,1
TH,JP,1
TH,TR,1
TH,BR,1
FI,RO,1
SE,FI,2
SE,RO,4
IT,AR,1
IT,LV,1
IT,CN,3
CH,CN,2
TR,IT,3
TR,CZ,2
TR,KR,6
TR,UA,2
TR,CH,5
TR,ID,2
TR,CA,2
TR,NZ,1
TR,SG,6
TR,AR,2
TR,GR,3
TR,ES,3
TR,BR,2
TR,LV,1
TR,CN,1
TR,AU,3
IE,GF,2
IE,MC,2
IE,GP,2
IE,MQ,2
IE,NC,2
IE,PM,2
IE,PF,2
IE,TF,1
IE,WF,2
IE,RE,2
IE,YT,2
CO,GB,2
CO,US,2
CO,BR,2
CO,TH,1
CO,KR,1
CO,ID,1
CL,IT,3
CL,CA,5
CL,GB,4
CL,US,10
CL,PL,4
CL,CH,2
MX,CH,1
FI,KW,1
FI,QA,1
FI,PR,2
NO,GB,4
NO,US,5
NO,ES,1
NO,FI,2
NO,DK,2
NO,RU,1
NO,AU,1
NO,SE,2
NO,IE,1
NO,HU,2
NO,DE,4
NO,KW,1
NO,QA,1
NO,SA,1
NO,AE,1
NO,PR,1
NO,CA,1
NO,UA,1
NO,EE,1
NO,IT,2
NO,CZ,1
NO,FR,3
NO,LT,1
CL,BR,3
CL,FR,5
CL,SG,3
CL,DE,4
CL,JP,3
CL,NL,3
CL,SE,2
CL,MX,3
IE,AD,1
IE,AF,1
IE,AL,1
IE,AO,1
IE,AQ,1
IE,AS,1
IE,AW,1
IE,BA,1
IE,BB,1
IE,BF,1
IE,BI,1
IE,BJ,1
IE,BN,1
IE,BT,1
IE,CC,1
IE,CD,1
IE,CF,1
IE,CG,1
IE,CI,1
IE,CK,1
IE,CM,1
IE,CU,1
IE,CX,1
IE,DJ,1
IE,DZ,1
IE,EH,1
IE,ER,1
IE,ET,1
IE,FK,1
IE,FO,1
IE,GA,1
IE,GE,1
IE,GI,1
IE,GL,1
IE,GN,1
IE,GQ,1
IE,GS,1
IE,GU,1
IE,GY,1
IE,HM,1
IE,HT,1
IE,IO,1
IE,IQ,1
IE,IR,1
IE,JM,1
IE,KE,1
IE,KG,1
IE,KI,1
IE,KM,1
IE,LC,1
IE,LI,1
IE,LR,1
IE,LS,1
IE,LY,1
IE,MA,1
IE,ME,1
IE,MG,1
IE,MH,1
IE,MK,1
IE,ML,1
IE,MM,1
IE,MP,1
IE,MR,1
IE,MS,1
IE,MV,1
IE,MW,1
IE,NF,1
IE,NG,1
IE,NP,1
IE,NR,1
IE,NU,1
IE,PG,1
IE,PK,1
IE,PN,1
IE,PS,1
IE,PW,1
IE,RS,1
IE,RW,1
IE,SB,1
IE,SC,1
IE,SD,1
IE,SH,1
IE,SL,1
IE,SM,1
IE,SN,1
IE,SO,1
IE,SR,1
IE,SS,1
IE,ST,1
IE,TC,1
IE,TD,1
IE,TG,1
IE,TK,1
IE,TL,1
IE,TN,1
IE,TO,1
IE,TV,1
IE,TZ,1
IE,UM,1
IE,UY,1
IE,UZ,1
IE,VA,1
IE,VC,1
IE,VU,1
IE,WS,1
IE,YE,1
IE,ZM,1
FI,CL,1
FI,ID,1
FI,AD,1
FI,PH,1
SE,GB,9
SE,DE,7
SE,NO,2
SE,UA,3
TR,PR,5
TR,PT,2
TR,RO,2
BD,US,1
BD,CA,1
BD,NL,2
NO,SG,2
NO,PL,2
NO,IS,1
NO,FO,1
NO,IL,1
NO,BR,1
NO,KR,2
DK,RO,2
DK,JP,3
SE,PR,3
SE,SG,4
SE,FR,8
SE,PL,5
SE,JP,3
BE,DO,2
DE,DO,1
MT,US,2
MT,DE,2
MT,GB,1
MT,KR,2
MT,UA,1
MT,SG,1
MT,IE,1
MT,LT,1
MT,RU,1
MT,CA,1
MT,BR,1
MT,NL,1
MT,FR,1
MT,AU,1
MT,DO,1
MT,ES,1
MT,ID,1
NO,TR,1
NO,JP,1
DK,SE,2
DK,ES,4
BR,PR,2
BR,TH,1
BR,MX,2
BR,RO,1
FR,CO,1
SE,TR,3
SE,MX,2
SE,IL,1
SE,ES,4
SE,TH,1
SE,AU,2
SE,NZ,1
SE,NL,2
SE,BE,1
SE,BR,2
SE,IE,1
SE,IN,3
MU,IN,1
MU,GB,1
MU,US,1
MU,IE,1
MU,PR,1
MU,FR,1
MU,ES,1
MU,AU,1
MU,NL,1
MU,KR,1
CL,PR,2
CL,KR,1
CL,IL,2
CL,PT,1
CL,GR,1
CL,AR,2
CL,AU,1
CL,TW,2
CL,AD,1
CL,AE,1
CL,AF,1
CL,AG,1
CL,AI,1
CL,AL,1
CL,AM,1
CL,AO,1
CL,AQ,1
CL,AS,1
CL,AT,1
CL,AW,1
CL,AZ,1
CL,BB,1
CL,BA,1
CL,BD,1
CL,BE,1
CL,BF,1
CL,BG,1
CL,BH,1
CL,BJ,1
CL,BI,1
CL,BM,1
CL,BN,1
CL,BO,1
CL,BS,1
CL,BT,1
CL,BW,1
CL,BY,1
CL,BZ,1
CL,CC,1
CL,CD,1
CL,CF,1
CL,CG,1
CL,CI,1
CL,CK,1
CL,CM,1
CL,CO,1
CL,CR,1
CL,CU,1
CL,CV,1
CL,CX,1
CL,CY,1
CL,CZ,1
CL,DJ,1
CL,DK,1
CL,DM,1
CL,DO,1
CL,EC,1
CL,DZ,1
CL,EE,1
CL,EG,1
CL,EH,1
CL,ER,1
CL,ES,4
CL,FI,1
CL,ET,1
CL,FJ,1
CL,FK,1
CL,FM,1
CL,FO,1
CL,GA,1
CL,GD,1
CL,GE,1
CL,GF,1
CL,GI,1
CL,GH,1
CL,GL,1
CL,GM,1
CL,GP,1
CL,GN,1
CL,GQ,1
CL,GS,1
CL,GT,1
CL,GU,1
CL,GW,1
CL,GY,1
CL,HK,1
CL,HM,1
CL,HN,1
CL,HR,1
CL,HT,1
CL,HU,1
CL,IE,1
CL,ID,2
CL,IN,2
CL,IO,1
CL,IQ,1
CL,IR,1
CL,IS,2
CL,JM,1
CL,JO,1
CL,KE,1
CL,KG,1
CL,KH,1
CL,KI,1
CL,KM,1
CL,KN,1
CL,KW,1
CL,KY,1
CL,LA,1
CL,KZ,1
CL,LB,1
CL,LC,1
CL,LI,1
CL,LK,1
CL,LR,1
CL,LS,1
CL,LT,1
CL,LU,1
CL,LY,1
CL,LV,1
CL,MA,1
CL,MC,1
CL,MD,1
CL,ME,1
CL,MG,1
CL,MK,1
CL,MH,1
CL,ML,1
CL,MN,1
CL,MM,1
CL,MO,1
CL,MP,1
CL,MQ,1
CL,MR,1
CL,MS,1
CL,MT,1
CL,MU,1
CL,MW,1
CL,MV,1
CL,MY,1
CL,MZ,1
CL,NA,1
CL,NC,1
CL,NE,1
CL,NF,1
CL,NG,1
CL,NI,1
CL,NO,1
CL,NP,1
CL,NU,1
CL,NR,1
CL,NZ,1
CL,OM,1
CL,PA,1
CL,PE,2
CL,PF,1
CL,PG,1
CL,PH,1
CL,PK,1
CL,PM,1
CL,PN,1
CL,PS,1
CL,PY,1
CL,PW,1
CL,QA,1
CL,RE,1
CL,RO,1
CL,RS,1
CL,RW,1
CL,SA,1
CL,SB,1
CL,SC,1
CL,SD,1
CL,SH,1
CL,SI,1
CL,SL,1
CL,SK,1
CL,SM,1
CL,SN,1
CL,SO,1
CL,SR,1
CL,SS,1
CL,ST,1
CL,SV,1
CL,SZ,1
CL,TC,1
CL,TD,1
CL,TG,1
CL,TH,1
CL,TJ,1
CL,TK,1
CL,TL,1
CL,TM,1
CL,TN,1
CL,TO,1
CL,TR,1
CL,TT,1
CL,TV,1
CL,TZ,1
CL,UA,1
CL,UM,1
CL,UG,1
CL,UY,1
CL,UZ,1
CL,VA,1
CL,VC,1
CL,VE,1
CL,VG,1
CL,VI,1
CL,VN,1
CL,VU,1
CL,WF,1
CL,WS,1
CL,YE,1
CL,YT,1
CL,ZA,1
CL,ZM,1
CL,ZW,1
SE,ID,3
FR,EC,1
FR,RS,1
BE,RS,1
BE,LU,1
PL,RU,1
BR,IT,1
ES,AD,3
ES,CL,2
ES,PE,4
ES,DO,1
TR,HK,2
TR,NL,2
TR,SE,1
SE,CZ,1
SE,HK,2
SE,TW,4
AR,PE,1
AR,JP,1
AR,DE,1
AR,TW,2
AR,IN,1
AR,ID,1
AR,CL,2
DK,PE,1
DK,TW,4
DK,IN,2
DK,ID,1
DK,IS,1
DK,CL,2
SE,PE,1
SE,IS,2
SE,CL,2
TW,PE,1
TW,GB,1
TW,JP,1
TW,ES,2
TW,IN,2
TW,ID,2
TW,CA,2
TW,IS,1
TW,CL,2
FR,TN,1
DE,TN,1
SA,IN,1
SA,ID,1
SA,BE,2
SA,TN,1
SA,SG,1
SA,AT,1
TN,FR,3
TN,CH,2
TN,KR,1
TN,US,7
TN,IN,1
TN,ID,1
TN,GR,2
TN,DE,2
TN,BE,2
TN,PL,1
TN,CA,2
TN,GB,2
TN,TR,1
TN,ES,1
TN,CZ,1
TN,SG,1
TN,SA,1
TN,AT,1
BE,BG,2
IT,BG,2
PE,RU,1
PE,US,2
PE,FR,1
PE,MX,1
PE,SG,1
PE,GB,1
PE,TH,1
PE,SE,1
PE,NO,1
PE,IT,1
PE,KR,1
ES,UY,2
DZ,FR,4
DZ,RU,1
DZ,HK,1
DZ,SE,1
DK,UA,2
BT,CA,1
BT,US,3
BT,IN,1
BT,ID,1
BT,KR,1
FR,BT,1
TW,BT,1
NZ,RU,1
NZ,UA,1
AT,FR,2
AT,CZ,1
AT,TW,2
AT,KR,1
AT,TH,1
AT,IN,1
AT,SG,1
AT,IT,1
AT,LT,1
AT,AU,4
DK,CZ,2
DK,TH,1
DK,AT,1
DK,LT,2
DK,AU,5
TR,MX,1
TR,NO,1
TR,IS,1
TR,BE,1
TR,DK,1
HR,DE,1
HR,SG,1
HR,US,4
HR,PL,1
HR,FR,2
HR,GB,2
HR,RO,3
ES,IS,1
ES,HR,1
ES,CO,1
BE,MA,1
DK,MA,1
DK,NL,2
DK,BE,1
FR,MA,2
MA,FR,2
MA,DE,2
MA,ES,1
MA,CZ,1
MA,US,1
MA,AU,1
MA,SE,1
MA,GR,1
MA,TW,1
MA,GB,2
MA,JP,1
MA,UA,1
MA,IT,1
MA,LT,1
MA,DK,1
MA,NL,2
MA,BE,1
MX,PA,1
PT,FR,3
PT,IT,1
PT,GB,1
PT,CN,1
PT,RO,1
PT,NL,2
VE,US,1
CZ,PL,3
CZ,IT,2
CZ,IN,1
CZ,GR,1
CZ,FI,1
CZ,BE,1
CO,FR,1
CO,PR,1
CO,DE,1
CO,SG,1
HR,CH,1
HR,CA,1
HR,KR,1
HR,TW,1
HR,IN,1
HR,EE,1
HR,PH,1
HR,JP,1
HR,PE,1
LU,RO,2
LU,CA,1
LU,TW,1
LU,IN,1
LU,PH,1
LU,JP,1
LU,PE,1
RO,CH,1
RO,FR,1
RO,CA,1
RO,US,3
RO,GB,1
RO,KR,1
RO,TW,1
RO,IN,1
RO,EE,1
RO,PH,1
RO,JP,1
RO,PE,1
AR,PT,1
AR,KR,1
CZ,SK,1
CZ,SE,1
CZ,ES,1
SK,CZ,2
SK,KR,1
SK,DE,1
SK,US,1
SK,SE,1
SK,IT,1
SK,ES,1
RS,SK,1
RS,SE,1
RS,IT,1
SN,FR,4
SN,ES,1
SN,BR,1
SN,KR,1
SN,IT,1
SN,DE,1
SN,GR,1
SN,CZ,1
SN,SE,1
SN,HU,1
SE,AT,1
SE,FO,1
UY,ES,1
UY,RU,1
IT,DO,1
AR,BR,1
UY,AR,3
UY,BR,1
UY,MX,1
UY,US,1
BR,AR,2
